SimId,parameter,run_number
9a11af40-1337-ea11-a2be-f0921c167861,a,1
9a11af40-1337-ea11-a2be-f0921c167861,b,3
9a11af40-1337-ea11-a2be-f0921c167861,c,0
9c11af40-1337-ea11-a2be-f0921c167861,a,2
9c11af40-1337-ea11-a2be-f0921c167861,b,2
9c11af40-1337-ea11-a2be-f0921c167861,c,0
9811af40-1337-ea11-a2be-f0921c167861,a,1
9811af40-1337-ea11-a2be-f0921c167861,b,1
9811af40-1337-ea11-a2be-f0921c167861,c,0
9611af40-1337-ea11-a2be-f0921c167861,a,0
9611af40-1337-ea11-a2be-f0921c167861,b,2
9611af40-1337-ea11-a2be-f0921c167861,c,0
9511af40-1337-ea11-a2be-f0921c167861,a,0
9511af40-1337-ea11-a2be-f0921c167861,b,1
9511af40-1337-ea11-a2be-f0921c167861,c,0
9711af40-1337-ea11-a2be-f0921c167861,a,0
9711af40-1337-ea11-a2be-f0921c167861,b,3
9711af40-1337-ea11-a2be-f0921c167861,c,0
9b11af40-1337-ea11-a2be-f0921c167861,a,2
9b11af40-1337-ea11-a2be-f0921c167861,b,1
9b11af40-1337-ea11-a2be-f0921c167861,c,0
9911af40-1337-ea11-a2be-f0921c167861,a,1
9911af40-1337-ea11-a2be-f0921c167861,b,2
9911af40-1337-ea11-a2be-f0921c167861,c,0
9d11af40-1337-ea11-a2be-f0921c167861,a,2
9d11af40-1337-ea11-a2be-f0921c167861,b,3
9d11af40-1337-ea11-a2be-f0921c167861,c,0
