SimId,exe_collection_id,input_collection_id,Run_Number
2803c3ef-83f6-e911-a2be-f0921c167861,4d8eb77c-7675-e811-80c9-f0921c167864,8b1a9c72-9d96-e811-80c9-f0921c167864,4
056de604-84f6-e911-a2be-f0921c167861,4d8eb77c-7675-e811-80c9-f0921c167864,8b1a9c72-9d96-e811-80c9-f0921c167864,54
c63de512-84f6-e911-a2be-f0921c167861,4d8eb77c-7675-e811-80c9-f0921c167864,8b1a9c72-9d96-e811-80c9-f0921c167864,68
2903c3ef-83f6-e911-a2be-f0921c167861,4d8eb77c-7675-e811-80c9-f0921c167864,8b1a9c72-9d96-e811-80c9-f0921c167864,5
066de604-84f6-e911-a2be-f0921c167861,4d8eb77c-7675-e811-80c9-f0921c167864,8b1a9c72-9d96-e811-80c9-f0921c167864,55
c73de512-84f6-e911-a2be-f0921c167861,4d8eb77c-7675-e811-80c9-f0921c167864,8b1a9c72-9d96-e811-80c9-f0921c167864,69
2a03c3ef-83f6-e911-a2be-f0921c167861,4d8eb77c-7675-e811-80c9-f0921c167864,8b1a9c72-9d96-e811-80c9-f0921c167864,6
076de604-84f6-e911-a2be-f0921c167861,4d8eb77c-7675-e811-80c9-f0921c167864,8b1a9c72-9d96-e811-80c9-f0921c167864,56
c83de512-84f6-e911-a2be-f0921c167861,4d8eb77c-7675-e811-80c9-f0921c167864,8b1a9c72-9d96-e811-80c9-f0921c167864,70
2b03c3ef-83f6-e911-a2be-f0921c167861,4d8eb77c-7675-e811-80c9-f0921c167864,8b1a9c72-9d96-e811-80c9-f0921c167864,7
086de604-84f6-e911-a2be-f0921c167861,4d8eb77c-7675-e811-80c9-f0921c167864,8b1a9c72-9d96-e811-80c9-f0921c167864,57
c93de512-84f6-e911-a2be-f0921c167861,4d8eb77c-7675-e811-80c9-f0921c167864,8b1a9c72-9d96-e811-80c9-f0921c167864,71
2c03c3ef-83f6-e911-a2be-f0921c167861,4d8eb77c-7675-e811-80c9-f0921c167864,8b1a9c72-9d96-e811-80c9-f0921c167864,8
096de604-84f6-e911-a2be-f0921c167861,4d8eb77c-7675-e811-80c9-f0921c167864,8b1a9c72-9d96-e811-80c9-f0921c167864,58
aa3de512-84f6-e911-a2be-f0921c167861,4d8eb77c-7675-e811-80c9-f0921c167864,8b1a9c72-9d96-e811-80c9-f0921c167864,80
ca3de512-84f6-e911-a2be-f0921c167861,4d8eb77c-7675-e811-80c9-f0921c167864,8b1a9c72-9d96-e811-80c9-f0921c167864,72
2d03c3ef-83f6-e911-a2be-f0921c167861,4d8eb77c-7675-e811-80c9-f0921c167864,8b1a9c72-9d96-e811-80c9-f0921c167864,9
ab3de512-84f6-e911-a2be-f0921c167861,4d8eb77c-7675-e811-80c9-f0921c167864,8b1a9c72-9d96-e811-80c9-f0921c167864,81
0a6de604-84f6-e911-a2be-f0921c167861,4d8eb77c-7675-e811-80c9-f0921c167864,8b1a9c72-9d96-e811-80c9-f0921c167864,59
cb3de512-84f6-e911-a2be-f0921c167861,4d8eb77c-7675-e811-80c9-f0921c167864,8b1a9c72-9d96-e811-80c9-f0921c167864,73
2e03c3ef-83f6-e911-a2be-f0921c167861,4d8eb77c-7675-e811-80c9-f0921c167864,8b1a9c72-9d96-e811-80c9-f0921c167864,10
ac3de512-84f6-e911-a2be-f0921c167861,4d8eb77c-7675-e811-80c9-f0921c167864,8b1a9c72-9d96-e811-80c9-f0921c167864,82
cc3de512-84f6-e911-a2be-f0921c167861,4d8eb77c-7675-e811-80c9-f0921c167864,8b1a9c72-9d96-e811-80c9-f0921c167864,74
ad3de512-84f6-e911-a2be-f0921c167861,4d8eb77c-7675-e811-80c9-f0921c167864,8b1a9c72-9d96-e811-80c9-f0921c167864,83
cd3de512-84f6-e911-a2be-f0921c167861,4d8eb77c-7675-e811-80c9-f0921c167864,8b1a9c72-9d96-e811-80c9-f0921c167864,75
1003c3ef-83f6-e911-a2be-f0921c167861,4d8eb77c-7675-e811-80c9-f0921c167864,8b1a9c72-9d96-e811-80c9-f0921c167864,20
3003c3ef-83f6-e911-a2be-f0921c167861,4d8eb77c-7675-e811-80c9-f0921c167864,8b1a9c72-9d96-e811-80c9-f0921c167864,12
ae3de512-84f6-e911-a2be-f0921c167861,4d8eb77c-7675-e811-80c9-f0921c167864,8b1a9c72-9d96-e811-80c9-f0921c167864,84
ce3de512-84f6-e911-a2be-f0921c167861,4d8eb77c-7675-e811-80c9-f0921c167864,8b1a9c72-9d96-e811-80c9-f0921c167864,76
1103c3ef-83f6-e911-a2be-f0921c167861,4d8eb77c-7675-e811-80c9-f0921c167864,8b1a9c72-9d96-e811-80c9-f0921c167864,21
3103c3ef-83f6-e911-a2be-f0921c167861,4d8eb77c-7675-e811-80c9-f0921c167864,8b1a9c72-9d96-e811-80c9-f0921c167864,13
af3de512-84f6-e911-a2be-f0921c167861,4d8eb77c-7675-e811-80c9-f0921c167864,8b1a9c72-9d96-e811-80c9-f0921c167864,85
cf3de512-84f6-e911-a2be-f0921c167861,4d8eb77c-7675-e811-80c9-f0921c167864,8b1a9c72-9d96-e811-80c9-f0921c167864,77
1203c3ef-83f6-e911-a2be-f0921c167861,4d8eb77c-7675-e811-80c9-f0921c167864,8b1a9c72-9d96-e811-80c9-f0921c167864,22
3203c3ef-83f6-e911-a2be-f0921c167861,4d8eb77c-7675-e811-80c9-f0921c167864,8b1a9c72-9d96-e811-80c9-f0921c167864,14
b03de512-84f6-e911-a2be-f0921c167861,4d8eb77c-7675-e811-80c9-f0921c167864,8b1a9c72-9d96-e811-80c9-f0921c167864,86
d03de512-84f6-e911-a2be-f0921c167861,4d8eb77c-7675-e811-80c9-f0921c167864,8b1a9c72-9d96-e811-80c9-f0921c167864,78
1303c3ef-83f6-e911-a2be-f0921c167861,4d8eb77c-7675-e811-80c9-f0921c167864,8b1a9c72-9d96-e811-80c9-f0921c167864,23
3303c3ef-83f6-e911-a2be-f0921c167861,4d8eb77c-7675-e811-80c9-f0921c167864,8b1a9c72-9d96-e811-80c9-f0921c167864,15
b13de512-84f6-e911-a2be-f0921c167861,4d8eb77c-7675-e811-80c9-f0921c167864,8b1a9c72-9d96-e811-80c9-f0921c167864,87
d13de512-84f6-e911-a2be-f0921c167861,4d8eb77c-7675-e811-80c9-f0921c167864,8b1a9c72-9d96-e811-80c9-f0921c167864,79
1403c3ef-83f6-e911-a2be-f0921c167861,4d8eb77c-7675-e811-80c9-f0921c167864,8b1a9c72-9d96-e811-80c9-f0921c167864,24
3403c3ef-83f6-e911-a2be-f0921c167861,4d8eb77c-7675-e811-80c9-f0921c167864,8b1a9c72-9d96-e811-80c9-f0921c167864,16
b23de512-84f6-e911-a2be-f0921c167861,4d8eb77c-7675-e811-80c9-f0921c167864,8b1a9c72-9d96-e811-80c9-f0921c167864,88
1503c3ef-83f6-e911-a2be-f0921c167861,4d8eb77c-7675-e811-80c9-f0921c167864,8b1a9c72-9d96-e811-80c9-f0921c167864,25
3503c3ef-83f6-e911-a2be-f0921c167861,4d8eb77c-7675-e811-80c9-f0921c167864,8b1a9c72-9d96-e811-80c9-f0921c167864,17
b33de512-84f6-e911-a2be-f0921c167861,4d8eb77c-7675-e811-80c9-f0921c167864,8b1a9c72-9d96-e811-80c9-f0921c167864,89
1603c3ef-83f6-e911-a2be-f0921c167861,4d8eb77c-7675-e811-80c9-f0921c167864,8b1a9c72-9d96-e811-80c9-f0921c167864,26
3603c3ef-83f6-e911-a2be-f0921c167861,4d8eb77c-7675-e811-80c9-f0921c167864,8b1a9c72-9d96-e811-80c9-f0921c167864,18
b43de512-84f6-e911-a2be-f0921c167861,4d8eb77c-7675-e811-80c9-f0921c167864,8b1a9c72-9d96-e811-80c9-f0921c167864,90
1703c3ef-83f6-e911-a2be-f0921c167861,4d8eb77c-7675-e811-80c9-f0921c167864,8b1a9c72-9d96-e811-80c9-f0921c167864,27
3703c3ef-83f6-e911-a2be-f0921c167861,4d8eb77c-7675-e811-80c9-f0921c167864,8b1a9c72-9d96-e811-80c9-f0921c167864,19
b53de512-84f6-e911-a2be-f0921c167861,4d8eb77c-7675-e811-80c9-f0921c167864,8b1a9c72-9d96-e811-80c9-f0921c167864,91
1803c3ef-83f6-e911-a2be-f0921c167861,4d8eb77c-7675-e811-80c9-f0921c167864,8b1a9c72-9d96-e811-80c9-f0921c167864,28
b63de512-84f6-e911-a2be-f0921c167861,4d8eb77c-7675-e811-80c9-f0921c167864,8b1a9c72-9d96-e811-80c9-f0921c167864,92
1903c3ef-83f6-e911-a2be-f0921c167861,4d8eb77c-7675-e811-80c9-f0921c167864,8b1a9c72-9d96-e811-80c9-f0921c167864,29
b73de512-84f6-e911-a2be-f0921c167861,4d8eb77c-7675-e811-80c9-f0921c167864,8b1a9c72-9d96-e811-80c9-f0921c167864,93
1a03c3ef-83f6-e911-a2be-f0921c167861,4d8eb77c-7675-e811-80c9-f0921c167864,8b1a9c72-9d96-e811-80c9-f0921c167864,30
b83de512-84f6-e911-a2be-f0921c167861,4d8eb77c-7675-e811-80c9-f0921c167864,8b1a9c72-9d96-e811-80c9-f0921c167864,94
1b03c3ef-83f6-e911-a2be-f0921c167861,4d8eb77c-7675-e811-80c9-f0921c167864,8b1a9c72-9d96-e811-80c9-f0921c167864,31
f76ce604-84f6-e911-a2be-f0921c167861,4d8eb77c-7675-e811-80c9-f0921c167864,8b1a9c72-9d96-e811-80c9-f0921c167864,40
b93de512-84f6-e911-a2be-f0921c167861,4d8eb77c-7675-e811-80c9-f0921c167864,8b1a9c72-9d96-e811-80c9-f0921c167864,95
1c03c3ef-83f6-e911-a2be-f0921c167861,4d8eb77c-7675-e811-80c9-f0921c167864,8b1a9c72-9d96-e811-80c9-f0921c167864,32
f86ce604-84f6-e911-a2be-f0921c167861,4d8eb77c-7675-e811-80c9-f0921c167864,8b1a9c72-9d96-e811-80c9-f0921c167864,41
ba3de512-84f6-e911-a2be-f0921c167861,4d8eb77c-7675-e811-80c9-f0921c167864,8b1a9c72-9d96-e811-80c9-f0921c167864,96
1d03c3ef-83f6-e911-a2be-f0921c167861,4d8eb77c-7675-e811-80c9-f0921c167864,8b1a9c72-9d96-e811-80c9-f0921c167864,33
f96ce604-84f6-e911-a2be-f0921c167861,4d8eb77c-7675-e811-80c9-f0921c167864,8b1a9c72-9d96-e811-80c9-f0921c167864,42
bb3de512-84f6-e911-a2be-f0921c167861,4d8eb77c-7675-e811-80c9-f0921c167864,8b1a9c72-9d96-e811-80c9-f0921c167864,97
1e03c3ef-83f6-e911-a2be-f0921c167861,4d8eb77c-7675-e811-80c9-f0921c167864,8b1a9c72-9d96-e811-80c9-f0921c167864,34
fa6ce604-84f6-e911-a2be-f0921c167861,4d8eb77c-7675-e811-80c9-f0921c167864,8b1a9c72-9d96-e811-80c9-f0921c167864,43
bc3de512-84f6-e911-a2be-f0921c167861,4d8eb77c-7675-e811-80c9-f0921c167864,8b1a9c72-9d96-e811-80c9-f0921c167864,98
1f03c3ef-83f6-e911-a2be-f0921c167861,4d8eb77c-7675-e811-80c9-f0921c167864,8b1a9c72-9d96-e811-80c9-f0921c167864,35
fb6ce604-84f6-e911-a2be-f0921c167861,4d8eb77c-7675-e811-80c9-f0921c167864,8b1a9c72-9d96-e811-80c9-f0921c167864,44
bd3de512-84f6-e911-a2be-f0921c167861,4d8eb77c-7675-e811-80c9-f0921c167864,8b1a9c72-9d96-e811-80c9-f0921c167864,99
2003c3ef-83f6-e911-a2be-f0921c167861,4d8eb77c-7675-e811-80c9-f0921c167864,8b1a9c72-9d96-e811-80c9-f0921c167864,36
fc6ce604-84f6-e911-a2be-f0921c167861,4d8eb77c-7675-e811-80c9-f0921c167864,8b1a9c72-9d96-e811-80c9-f0921c167864,45
be3de512-84f6-e911-a2be-f0921c167861,4d8eb77c-7675-e811-80c9-f0921c167864,8b1a9c72-9d96-e811-80c9-f0921c167864,60
2103c3ef-83f6-e911-a2be-f0921c167861,4d8eb77c-7675-e811-80c9-f0921c167864,8b1a9c72-9d96-e811-80c9-f0921c167864,37
006de604-84f6-e911-a2be-f0921c167861,4d8eb77c-7675-e811-80c9-f0921c167864,8b1a9c72-9d96-e811-80c9-f0921c167864,49
fd6ce604-84f6-e911-a2be-f0921c167861,4d8eb77c-7675-e811-80c9-f0921c167864,8b1a9c72-9d96-e811-80c9-f0921c167864,46
bf3de512-84f6-e911-a2be-f0921c167861,4d8eb77c-7675-e811-80c9-f0921c167864,8b1a9c72-9d96-e811-80c9-f0921c167864,61
2203c3ef-83f6-e911-a2be-f0921c167861,4d8eb77c-7675-e811-80c9-f0921c167864,8b1a9c72-9d96-e811-80c9-f0921c167864,38
fe6ce604-84f6-e911-a2be-f0921c167861,4d8eb77c-7675-e811-80c9-f0921c167864,8b1a9c72-9d96-e811-80c9-f0921c167864,47
c03de512-84f6-e911-a2be-f0921c167861,4d8eb77c-7675-e811-80c9-f0921c167864,8b1a9c72-9d96-e811-80c9-f0921c167864,62
2303c3ef-83f6-e911-a2be-f0921c167861,4d8eb77c-7675-e811-80c9-f0921c167864,8b1a9c72-9d96-e811-80c9-f0921c167864,39
ff6ce604-84f6-e911-a2be-f0921c167861,4d8eb77c-7675-e811-80c9-f0921c167864,8b1a9c72-9d96-e811-80c9-f0921c167864,48
c13de512-84f6-e911-a2be-f0921c167861,4d8eb77c-7675-e811-80c9-f0921c167864,8b1a9c72-9d96-e811-80c9-f0921c167864,63
2403c3ef-83f6-e911-a2be-f0921c167861,4d8eb77c-7675-e811-80c9-f0921c167864,8b1a9c72-9d96-e811-80c9-f0921c167864,0
016de604-84f6-e911-a2be-f0921c167861,4d8eb77c-7675-e811-80c9-f0921c167864,8b1a9c72-9d96-e811-80c9-f0921c167864,50
c23de512-84f6-e911-a2be-f0921c167861,4d8eb77c-7675-e811-80c9-f0921c167864,8b1a9c72-9d96-e811-80c9-f0921c167864,64
2503c3ef-83f6-e911-a2be-f0921c167861,4d8eb77c-7675-e811-80c9-f0921c167864,8b1a9c72-9d96-e811-80c9-f0921c167864,1
026de604-84f6-e911-a2be-f0921c167861,4d8eb77c-7675-e811-80c9-f0921c167864,8b1a9c72-9d96-e811-80c9-f0921c167864,51
c33de512-84f6-e911-a2be-f0921c167861,4d8eb77c-7675-e811-80c9-f0921c167864,8b1a9c72-9d96-e811-80c9-f0921c167864,65
2603c3ef-83f6-e911-a2be-f0921c167861,4d8eb77c-7675-e811-80c9-f0921c167864,8b1a9c72-9d96-e811-80c9-f0921c167864,2
036de604-84f6-e911-a2be-f0921c167861,4d8eb77c-7675-e811-80c9-f0921c167864,8b1a9c72-9d96-e811-80c9-f0921c167864,52
c43de512-84f6-e911-a2be-f0921c167861,4d8eb77c-7675-e811-80c9-f0921c167864,8b1a9c72-9d96-e811-80c9-f0921c167864,66
2703c3ef-83f6-e911-a2be-f0921c167861,4d8eb77c-7675-e811-80c9-f0921c167864,8b1a9c72-9d96-e811-80c9-f0921c167864,3
046de604-84f6-e911-a2be-f0921c167861,4d8eb77c-7675-e811-80c9-f0921c167864,8b1a9c72-9d96-e811-80c9-f0921c167864,53
c53de512-84f6-e911-a2be-f0921c167861,4d8eb77c-7675-e811-80c9-f0921c167864,8b1a9c72-9d96-e811-80c9-f0921c167864,67
